MELBOURNE,"- Do Ungex products contain Tea Tree Oil?

- Yes, some Ungex products may contain a tiny percentage of tea tree oil‚Ä¶ https://t.co/vqZuqF5qm7"
MELBOURNE,"- Can I sunbathe?

- Sunbathing isn‚Äôt recommended if you have rosacea or some skin issues that sunshine may worsen‚Ä¶ https://t.co/iMdRPu5XsJ"
MELBOURNE,"-What do Demodex mites look like?

-They are invisible to the eye unless aided by a microscope. The adult Demodex m‚Ä¶ https://t.co/xpGt588Ro7"
MELBOURNE,"_What is Demodex Acne?
.
_Acne is a very common skin disease in adolescents and young adults, but it also affects a‚Ä¶ https://t.co/tR1HrwB6tc"
SOUTHBANK,"Sometimes a shirt just speaks to you.

#proudowner #shesaresuce #whorescuedwho #trashporn #aladdin @ Agrabah https://t.co/pGHV8rv04m"
SOUTHBANK,"#trickadaymay #day6
covered my eyesüôà
kendama spike! Â†¥ÊâÄ: Southbank, Victoria, Australia https://t.co/gXaVCOHZ23"
SOUTHBANK,"Day 6 of #memademay2020 - family shirt.  Not because my family got to wear it, but because it took a family to make‚Ä¶ https://t.co/IpNyMiNRR8"
MELBOURNE,"Fra Australia e Africa ü§©üíñüíôüíú
.
.
.
.
Klaylife X More Concepts by klaylife collaboration with Jacqui Moore 
üì∑ armelle‚Ä¶ https://t.co/1KJZmXBs6j"
MELBOURNE,"Bella sharing her insanely comfortable bed... @ Melbourne, Victoria, Australia https://t.co/zcotRFNaMg"
MELBOURNE,"„Äê.Kill | Me.„Äë #ÁÉ®È∏¢Guxito @ Melbourne, Victoria, Australia https://t.co/HqgtQKFjsU"
MELBOURNE,"The otherside is still waiting.

#sketchbook #illustration #art #artist #artwork #travnash #myart #doodle #drawing‚Ä¶ https://t.co/GvEyJ82NDc"
MELBOURNE,"Radio Smooth Jazz
.
.
.
.
@smoothjazzmag smoothjazzjapan visitmelbourne whatsonmelb whatsupvietnamcom‚Ä¶ https://t.co/CwxRtRnNjV"
MELBOURNE,"Can you show us how would you style cocoon knit in black ? üñ§
#ntrinsicstudio #australianlabel‚Ä¶ https://t.co/oGlRsXRItt"
MELBOURNE,"Scorching sunset @ Melbourne, Victoria, Australia https://t.co/tNdb6KvSB4"
ST KILDA,Avec Pleasure is remembering a fab Art opening ... not so very long ago at Linden New Art (Feb 21st) Remember Art o‚Ä¶ https://t.co/Di3KGBtqX6
MELBOURNE,"Australian Open 2019, warm up before third round with @andymolto üéæ I can‚Äôt wait to get back on court ... @lacoste‚Ä¶ https://t.co/nkbinc0Kkb"
KEW,"Now I can say I‚Äôve done the (once) mighty USA #jigsawpuzzles #stayathome #selfisolation @ Kew, Victoria https://t.co/tpeejppjz1"
GLEN HUNTLY,Almost have the @lwrci1 Oscar Foxtrot set up. Added the @The_Official_Q_ cherry bomb brake w/ whistle tip and‚Ä¶ https://t.co/NmJso4opA0
GLEN HUNTLY,ask me how I end up there üôå @ Some Where on Earth https://t.co/JVeuJnoFsY
GLEN HUNTLY,#happywednesday @ Some Where on Earth https://t.co/fMHSsB8fhY
GLEN HUNTLY,"THIS THURSDAY MAY 7TH 8PM
CLICK ON THE LINK IN THE BIO FOR MORE INFO AND REGISTRATION.
.
Hauntology and the Aesthet‚Ä¶ https://t.co/CUOnLLqavQ"
GLEN HUNTLY,Good afternoon y'allüòÅüòÅ @ Some Where on Earth https://t.co/RhzHmIjPTg
